{
    "test_f1": 0.9691081500733182,
    "test_accuracy": 0.9690522243713733,
    "test_precision": 0.9693613588445669,
    "test_recall": 0.9690522243713733,
    "best_epoch": 8,
    "training_history": {
        "train_loss": [
            1.945048852939511,
            1.5322411398389446,
            1.1507051166017257,
            0.9717323655512795,
            0.8605894203209759,
            0.760407211472146,
            0.7132041003573594,
            0.6752435772573177,
            0.6584781268935892,
            0.6321883862884483,
            0.5933360273565226
        ],
        "train_acc": [
            0.17827529021558872,
            0.49792703150912104,
            0.7234660033167496,
            0.7622305140961857,
            0.7487562189054726,
            0.789179104477612,
            0.7738391376451078,
            0.8169568822553898,
            0.8140547263681592,
            0.7744610281923715,
            0.8248341625207297
        ],
        "val_loss": [
            1.5250185944817283,
            0.9318802830847827,
            0.7153715992515738,
            0.6471976204351946,
            0.6088971400802786,
            0.6172442158514803,
            0.609878580678593,
            0.5722555193034086,
            0.5937000973658129,
            0.6106286970051852,
            0.5846336111426353
        ],
        "val_acc": [
            0.5870406189555126,
            0.8994197292069632,
            0.9477756286266924,
            0.9468085106382979,
            0.9564796905222437,
            0.9564796905222437,
            0.9564796905222437,
            0.9709864603481625,
            0.965183752417795,
            0.9613152804642167,
            0.9690522243713733
        ],
        "val_f1": [
            0.562049633084362,
            0.8998781420749196,
            0.9477204609563914,
            0.9471161225422812,
            0.956465085941372,
            0.9565759042766433,
            0.9564261087319513,
            0.9709701619073221,
            0.9651758966118643,
            0.961309868007223,
            0.9689810440908636
        ]
    },
    "label_mapping": {
        "Compatibility": 0,
        "Maintainability": 1,
        "Performance": 2,
        "Portability": 3,
        "Reliability": 4,
        "Security": 5,
        "Usability": 6
    }
}