{
    "loss": 0.3336889302796301,
    "accuracy": 0.8928571428571429,
    "precision": 0.892822972363721,
    "recall": 0.8928571428571429,
    "f1": 0.8928368778055626
}